,Provinsi,NAMA KAB/KOTA,Nama Puskesmas,Karakter Puskesmas,TAHUN,TOTAL ALOKASI BELANJA (RP),TOTAL REALISASI BELANJA (RP),RATA-RATA ALOKASI BELANJA (RP),RATA-RATA REALISASI BELANJA (RP),alokasi_rupiah,realisasi_rupiah,RASIO REALISASI (%)
0,Aceh,Kab. Pidie,Batee,Perdesaan,2022,55312342011,41058102896,258468887.90186915,191860293.90654206,"Rp 55,312,342,011","Rp 41,058,102,896",74.23
1,Aceh,Kab. Pidie,Delima,Perdesaan,2022,55388360382,41251606735,241870569.35371178,180138020.6768559,"Rp 55,388,360,382","Rp 41,251,606,735",74.48
2,Aceh,Kab. Pidie,Geumpang,Sangat Terpencil,2022,54817701111,41199552973,249171368.68636364,187270695.3318182,"Rp 54,817,701,111","Rp 41,199,552,973",75.16
3,Aceh,Kab. Pidie,Glumpang Baro,Perdesaan,2022,84352865567,63649192926,263602704.896875,198903727.89375,"Rp 84,352,865,567","Rp 63,649,192,926",75.46
4,Aceh,Kab. Pidie,Glumpang Tiga,Perdesaan,2022,62408104603,47304962154,242833091.84046692,184066000.5992218,"Rp 62,408,104,603","Rp 47,304,962,154",75.8
5,Aceh,Kab. Pidie,Grong-Grong,Perdesaan,2022,36097894990,26185316130,245563911.49659863,178131402.24489796,"Rp 36,097,894,990","Rp 26,185,316,130",72.54
6,Aceh,Kab. Pidie,Grong-grong,Perdesaan,2022,27944403186,21430591190,254040028.96363637,194823556.27272728,"Rp 27,944,403,186","Rp 21,430,591,190",76.69
7,Aceh,Kab. Pidie,INDRAJAYA,Perdesaan,2022,37219155645,27652656676,246484474.47019866,183130176.66225165,"Rp 37,219,155,645","Rp 27,652,656,676",74.3
8,Aceh,Kab. Pidie,Indrajaya,Perdesaan,2022,55480015851,42071324444,264190551.67142856,200339640.2095238,"Rp 55,480,015,851","Rp 42,071,324,444",75.83
9,Aceh,Kab. Pidie,Kembang Tanjong,Perdesaan,2022,78760194099,58997660717,256547863.51465797,192174790.60912052,"Rp 78,760,194,099","Rp 58,997,660,717",74.91
10,Aceh,Kab. Pidie,Keumala,Perdesaan,2022,52755147575,39347716241,247676749.17840376,184731062.16431925,"Rp 52,755,147,575","Rp 39,347,716,241",74.59
11,Aceh,Kab. Pidie,Kota Sigli,Perkotaan,2022,51078590868,37954330046,237574841.24651164,176531767.65581396,"Rp 51,078,590,868","Rp 37,954,330,046",74.31
12,Aceh,Kab. Pidie,Mane,Terpencil,2022,50066244463,37107578681,255440022.77040815,189324381.0255102,"Rp 50,066,244,463","Rp 37,107,578,681",74.12
13,Aceh,Kab. Pidie,Mila,Perdesaan,2022,71865806457,54035397628,259443344.61010832,195073637.6462094,"Rp 71,865,806,457","Rp 54,035,397,628",75.19
14,Aceh,Kab. Pidie,Muara Tiga,Perdesaan,2022,28399242046,21772076833,255849027.44144145,196144836.33333334,"Rp 28,399,242,046","Rp 21,772,076,833",76.66
15,Aceh,Kab. Pidie,Muara tiga,Perdesaan,2022,31292530065,22501265504,244472891.1328125,175791136.75,"Rp 31,292,530,065","Rp 22,501,265,504",71.91
16,Aceh,Kab. Pidie,Mutiara,Perkotaan,2022,84705249165,65428970975,252851490.0447761,195310361.11940297,"Rp 84,705,249,165","Rp 65,428,970,975",77.24
17,Aceh,Kab. Pidie,Mutiara Barat,Perkotaan,2022,67450715083,51022099047,279878485.8215768,211709954.55186722,"Rp 67,450,715,083","Rp 51,022,099,047",75.64
18,Aceh,Kab. Pidie,PIDIE,Perkotaan,2022,24557349868,18821597078,272859442.9777778,209128856.42222223,"Rp 24,557,349,868","Rp 18,821,597,078",76.64
19,Aceh,Kab. Pidie,Padang Tiji,Perdesaan,2022,89281209006,65453752319,261056166.68421054,191385240.6988304,"Rp 89,281,209,006","Rp 65,453,752,319",73.31
20,Aceh,Kab. Pidie,Peukan Baro,Perdesaan,2022,83425678273,62598906625,258283833.6625387,193804664.47368422,"Rp 83,425,678,273","Rp 62,598,906,625",75.04
21,Aceh,Kab. Pidie,Pidie,Perkotaan,2022,29655533992,21745940375,264781553.5,194160181.91964287,"Rp 29,655,533,992","Rp 21,745,940,375",73.33
22,Aceh,Kab. Pidie,Reubee,Perdesaan,2022,66367500817,50816820568,267610890.39112905,204906534.5483871,"Rp 66,367,500,817","Rp 50,816,820,568",76.57
23,Aceh,Kab. Pidie,Sakti,Perdesaan,2022,71124915151,53313842916,257698967.9384058,193166097.52173913,"Rp 71,124,915,151","Rp 53,313,842,916",74.96
24,Aceh,Kab. Pidie,Simpang Tiga,Perdesaan,2022,59252582077,44315451876,245861336.41908714,183881543.0539419,"Rp 59,252,582,077","Rp 44,315,451,876",74.79
25,Aceh,Kab. Pidie,TIRO,Perdesaan,2022,4948383646,3452378988,247419182.3,172618949.4,"Rp 4,948,383,646","Rp 3,452,378,988",69.77
26,Aceh,Kab. Pidie,Tangse,Terpencil,2022,76457251179,57074317138,245843251.37942123,183518704.6237942,"Rp 76,457,251,179","Rp 57,074,317,138",74.65
27,Aceh,Kab. Pidie,Teupien Raya,Perdesaan,2022,71345320021,54268296284,253897936.0177936,193125609.5516014,"Rp 71,345,320,021","Rp 54,268,296,284",76.06
28,Aceh,Kab. Pidie,Tiro,Perdesaan,2022,73434521438,55362587058,271979709.02962965,205046618.73333332,"Rp 73,434,521,438","Rp 55,362,587,058",75.39
29,Aceh,Kab. Pidie,Titeue,Perdesaan,2022,57611217899,43240315047,247258445.91845495,185580751.2746781,"Rp 57,611,217,899","Rp 43,240,315,047",75.06
30,Aceh,Kab. Pidie,Ujong Rimba,Perdesaan,2022,69530985047,52857708078,250111457.0035971,190135640.56834534,"Rp 69,530,985,047","Rp 52,857,708,078",76.02
31,Bali,Kab. Badung,Abiansemal I,Perdesaan,2022,26636689075,19456143727,258608631.7961165,188894599.29126215,"Rp 26,636,689,075","Rp 19,456,143,727",73.04
32,Bali,Kab. Badung,Abiansemal II,Perdesaan,2022,39207968922,30136630933,263140731.02013424,202259268.00671142,"Rp 39,207,968,922","Rp 30,136,630,933",76.86
33,Bali,Kab. Badung,Abiansemal III,Perdesaan,2022,34957541666,26945132128,251493105.51079136,193849871.42446044,"Rp 34,957,541,666","Rp 26,945,132,128",77.08
34,Bali,Kab. Badung,Abiansemal IV,Perdesaan,2022,48463796223,36284495906,234124619.4347826,175287419.8357488,"Rp 48,463,796,223","Rp 36,284,495,906",74.87
35,Bali,Kab. Badung,Kuta I,Perkotaan,2022,37657555947,27577729708,254442945.58783785,186336011.54054055,"Rp 37,657,555,947","Rp 27,577,729,708",73.23
36,Bali,Kab. Badung,Kuta II,Perkotaan,2022,42634907555,32254770741,245028204.33908045,185372245.63793105,"Rp 42,634,907,555","Rp 32,254,770,741",75.65
37,Bali,Kab. Badung,Kuta Selatan,Perkotaan,2022,44696629313,33244496124,253958121.0965909,188889182.52272728,"Rp 44,696,629,313","Rp 33,244,496,124",74.38
38,Bali,Kab. Badung,Kuta Utara,Perkotaan,2022,47768379665,36131034594,261029397.07650274,197437347.5081967,"Rp 47,768,379,665","Rp 36,131,034,594",75.64
39,Bali,Kab. Badung,Mengwi I,Perkotaan,2022,47276420001,35527400411,251470319.15425533,188975534.10106382,"Rp 47,276,420,001","Rp 35,527,400,411",75.15
40,Bali,Kab. Badung,Mengwi II,Perdesaan,2022,24485320230,18112174631,255055419.0625,188668485.73958334,"Rp 24,485,320,230","Rp 18,112,174,631",73.97
41,Bali,Kab. Badung,Mengwi III,Perkotaan,2022,39000535846,28939387615,251616360.29677418,186705726.5483871,"Rp 39,000,535,846","Rp 28,939,387,615",74.2
42,Bali,Kab. Badung,PETANG I,Perdesaan,2022,37976415683,28519693543,256597403.2635135,192700632.0472973,"Rp 37,976,415,683","Rp 28,519,693,543",75.1
43,Bali,Kab. Badung,Petang II,Perdesaan,2022,58073189561,43489422949,270107858.4232558,202276385.80930233,"Rp 58,073,189,561","Rp 43,489,422,949",74.89
44,DIY,Kab. Kulon Progo,Galur I,Perdesaan,2023,67460491,56617999,67460491.0,56617999.0,"Rp 67,460,491","Rp 56,617,999",83.93
45,DIY,Kab. Kulon Progo,Galur II,Perkotaan,2023,88521418,53118938,88521418.0,53118938.0,"Rp 88,521,418","Rp 53,118,938",60.01
46,DIY,Kab. Kulon Progo,Girimulyo I,Perdesaan,2023,405241022,248586501,405241022.0,248586501.0,"Rp 405,241,022","Rp 248,586,501",61.34
47,DIY,Kab. Kulon Progo,Girimulyo II,Perdesaan,2023,416536939,328009332,416536939.0,328009332.0,"Rp 416,536,939","Rp 328,009,332",78.75
48,DIY,Kab. Kulon Progo,Kalibawang,Perdesaan,2023,283053119,278431014,283053119.0,278431014.0,"Rp 283,053,119","Rp 278,431,014",98.37
49,DIY,Kab. Kulon Progo,Kokap I,Perdesaan,2023,151451197,144929903,151451197.0,144929903.0,"Rp 151,451,197","Rp 144,929,903",95.69
50,DIY,Kab. Kulon Progo,Kokap II,Perdesaan,2023,390983012,364493273,390983012.0,364493273.0,"Rp 390,983,012","Rp 364,493,273",93.22
51,DIY,Kab. Kulon Progo,Lendah I,Perdesaan,2023,240058258,183755454,240058258.0,183755454.0,"Rp 240,058,258","Rp 183,755,454",76.55
52,DIY,Kab. Kulon Progo,Lendah II,Perdesaan,2023,459308177,298034010,459308177.0,298034010.0,"Rp 459,308,177","Rp 298,034,010",64.89
53,DIY,Kab. Kulon Progo,Nanggulan,Perdesaan,2023,446307535,380648372,446307535.0,380648372.0,"Rp 446,307,535","Rp 380,648,372",85.29
54,DIY,Kab. Kulon Progo,Panjatan I,Perdesaan,2023,273567574,190071642,273567574.0,190071642.0,"Rp 273,567,574","Rp 190,071,642",69.48
55,DIY,Kab. Kulon Progo,Panjatan II,Perdesaan,2023,53208362,47299812,53208362.0,47299812.0,"Rp 53,208,362","Rp 47,299,812",88.9
56,DIY,Kab. Kulon Progo,Pengasih I,Perdesaan,2023,88837220,45137813,88837220.0,45137813.0,"Rp 88,837,220","Rp 45,137,813",50.81
57,DIY,Kab. Kulon Progo,Pengasih II,Perkotaan,2023,275332990,210566416,275332990.0,210566416.0,"Rp 275,332,990","Rp 210,566,416",76.48
58,DIY,Kab. Kulon Progo,SENTOLO I,Perkotaan,2023,5870196356,4529395159,244591514.83333334,188724798.29166666,"Rp 5,870,196,356","Rp 4,529,395,159",77.16
59,DIY,Kab. Kulon Progo,Samigaluh I,Perdesaan,2023,97430530,65149383,97430530.0,65149383.0,"Rp 97,430,530","Rp 65,149,383",66.87
60,DIY,Kab. Kulon Progo,Samigaluh II,Perdesaan,2023,65070845,40638340,65070845.0,40638340.0,"Rp 65,070,845","Rp 40,638,340",62.45
61,DIY,Kab. Kulon Progo,Sentolo I,Perkotaan,2023,88197502,73284928,88197502.0,73284928.0,"Rp 88,197,502","Rp 73,284,928",83.09
62,DIY,Kab. Kulon Progo,Sentolo II,Perkotaan,2023,50136263,41572320,50136263.0,41572320.0,"Rp 50,136,263","Rp 41,572,320",82.92
63,DIY,Kab. Kulon Progo,Temon I,Perkotaan,2023,225561765,116961351,225561765.0,116961351.0,"Rp 225,561,765","Rp 116,961,351",51.85
64,DIY,Kab. Kulon Progo,Temon II,Perkotaan,2023,151634883,147669546,151634883.0,147669546.0,"Rp 151,634,883","Rp 147,669,546",97.38
65,DIY,Kab. Kulon Progo,Wates,Perdesaan,2023,364170059,247973050,364170059.0,247973050.0,"Rp 364,170,059","Rp 247,973,050",68.09
66,DIY,Kota Yogyakarta,Danurejan I,Perkotaan,2023,447605547,429121186,447605547.0,429121186.0,"Rp 447,605,547","Rp 429,121,186",95.87
67,DIY,Kota Yogyakarta,Danurejan II,Perkotaan,2023,85929310,68043982,85929310.0,68043982.0,"Rp 85,929,310","Rp 68,043,982",79.19
68,DIY,Kota Yogyakarta,Gondomanan,Perkotaan,2023,263509848,217736932,263509848.0,217736932.0,"Rp 263,509,848","Rp 217,736,932",82.63
69,DIY,Kota Yogyakarta,Jetis,Perdesaan,2023,361431924,354296458,361431924.0,354296458.0,"Rp 361,431,924","Rp 354,296,458",98.03
70,DIY,Kota Yogyakarta,Pakualaman,Perkotaan,2023,76012495,69254880,76012495.0,69254880.0,"Rp 76,012,495","Rp 69,254,880",91.11
71,DIY,Kota Yogyakarta,Tegalrejo,Perkotaan,2023,157656382,89866897,157656382.0,89866897.0,"Rp 157,656,382","Rp 89,866,897",57.0
72,DIY,Kota Yogyakarta,Umbulharjo I,Perkotaan,2023,280423337,140943708,280423337.0,140943708.0,"Rp 280,423,337","Rp 140,943,708",50.26
73,DIY,Kota Yogyakarta,Umbulharjo II,Perkotaan,2023,435890623,285200484,435890623.0,285200484.0,"Rp 435,890,623","Rp 285,200,484",65.43
74,Jabar,Kab. Garut,BAYONGBONG,Perdesaan,2022,11293659716,8021524387,235284577.41666666,167115091.39583334,"Rp 11,293,659,716","Rp 8,021,524,387",71.03
75,Jabar,Kab. Garut,BOJONGLOA,Perdesaan,2022,21563158181,16296530239,239590646.45555556,181072558.2111111,"Rp 21,563,158,181","Rp 16,296,530,239",75.58
76,Jabar,Kab. Garut,Bagendit,Perdesaan,2022,25578764100,19391255709,232534219.0909091,176284142.8090909,"Rp 25,578,764,100","Rp 19,391,255,709",75.81
77,Jabar,Kab. Garut,Balubur Limbangan,Perdesaan,2022,38727470906,28846865265,242046693.1625,180292907.90625,"Rp 38,727,470,906","Rp 28,846,865,265",74.49
78,Jabar,Kab. Garut,Banjarwangi,Terpencil,2022,31217982703,23410784427,255885104.12295082,191891675.63114753,"Rp 31,217,982,703","Rp 23,410,784,427",74.99
79,Jabar,Kab. Garut,Bayongbong,Perdesaan,2022,22508395341,16043572332,258717187.8275862,184408877.37931034,"Rp 22,508,395,341","Rp 16,043,572,332",71.28
80,Jabar,Kab. Garut,Bungbulang,Terpencil,2022,70910793491,54412833418,251456714.5070922,192953309.9929078,"Rp 70,910,793,491","Rp 54,412,833,418",76.73
81,Jabar,Kab. Garut,CEMPAKA,Perdesaan,2022,43273369474,32225423609,263862008.9878049,196496485.4207317,"Rp 43,273,369,474","Rp 32,225,423,609",74.47
82,Jabar,Kab. Garut,CIBATU,Perdesaan,2022,101221852566,76056317225,246882567.23414633,185503212.74390244,"Rp 101,221,852,566","Rp 76,056,317,225",75.14
83,Jabar,Kab. Garut,CIKAJANG,Perdesaan,2022,21323144784,16054258299,256905358.8433735,193424798.78313252,"Rp 21,323,144,784","Rp 16,054,258,299",75.29
84,Jabar,Kab. Garut,CILIMUS,Perdesaan,2022,29287818480,21707146760,271183504.4444444,200992099.62962964,"Rp 29,287,818,480","Rp 21,707,146,760",74.12
85,Jabar,Kab. Garut,CIMARI,Terpencil,2022,12032352241,9046234422,267385605.35555556,201027431.6,"Rp 12,032,352,241","Rp 9,046,234,422",75.18
86,Jabar,Kab. Garut,CIPANAS,Perkotaan,2022,24565562661,18472414916,255891277.71875,192420988.70833334,"Rp 24,565,562,661","Rp 18,472,414,916",75.2
87,Jabar,Kab. Garut,CISANDAAN,Terpencil,2022,27950497455,21263352375,249558012.99107143,189851360.49107143,"Rp 27,950,497,455","Rp 21,263,352,375",76.08
88,Jabar,Kab. Garut,CISEWU,Terpencil,2022,38399476913,28070644981,259455925.08783785,189666520.1418919,"Rp 38,399,476,913","Rp 28,070,644,981",73.1
89,Jabar,Kab. Garut,CISURUPAN,Perdesaan,2022,33570548728,24511743924,241514739.05035973,176343481.4676259,"Rp 33,570,548,728","Rp 24,511,743,924",73.02
90,Jabar,Kab. Garut,CITERAS,Perdesaan,2022,23849441484,18737642164,248431682.125,195183772.54166666,"Rp 23,849,441,484","Rp 18,737,642,164",78.57
91,Jabar,Kab. Garut,Cibalong,Terpencil,2022,30199483978,22602915019,264907754.19298247,198271184.37719297,"Rp 30,199,483,978","Rp 22,602,915,019",74.85
92,Jabar,Kab. Garut,Cibiuk,Perdesaan,2022,43384378733,32481137265,249335509.9597701,186673202.6724138,"Rp 43,384,378,733","Rp 32,481,137,265",74.87
93,Jabar,Kab. Garut,Cihurip,Terpencil,2022,30282599715,22553195662,254475627.85714287,189522652.62184873,"Rp 30,282,599,715","Rp 22,553,195,662",74.48
94,Jabar,Kab. Garut,Cikelet,Terpencil,2022,40111920431,29989835173,260467015.7857143,194739189.43506494,"Rp 40,111,920,431","Rp 29,989,835,173",74.77
95,Jabar,Kab. Garut,Cilawu,Perdesaan,2022,64408587069,49245090250,256607916.60956174,196195578.68525895,"Rp 64,408,587,069","Rp 49,245,090,250",76.46
96,Jabar,Kab. Garut,Cimaragas,Perdesaan,2022,13452222565,10317689773,244585864.8181818,187594359.5090909,"Rp 13,452,222,565","Rp 10,317,689,773",76.7
97,Jabar,Kab. Garut,Cimari,Terpencil,2022,5762615056,4199654313,230504602.24,167986172.52,"Rp 5,762,615,056","Rp 4,199,654,313",72.88
98,Jabar,Kab. Garut,Cisompet,Terpencil,2022,30605037214,22652816374,248821440.76422763,184169238.81300813,"Rp 30,605,037,214","Rp 22,652,816,374",74.02
99,Jabar,Kab. Garut,GADOG,Perdesaan,2022,11119823407,8037543375,285123677.1025641,206090855.76923078,"Rp 11,119,823,407","Rp 8,037,543,375",72.28
100,Jabar,Kab. Garut,GARAWANGSA,Perdesaan,2022,47069564005,34639580097,257210732.26775956,189287322.93442622,"Rp 47,069,564,005","Rp 34,639,580,097",73.59
101,Jabar,Kab. Garut,GUNTUR,Perkotaan,2022,21516640672,16014520962,268958008.4,200181512.025,"Rp 21,516,640,672","Rp 16,014,520,962",74.43
102,Jabar,Kab. Garut,Gadog,Perdesaan,2022,45355585840,34283090160,279972752.09876543,211624013.33333334,"Rp 45,355,585,840","Rp 34,283,090,160",75.59
103,Jabar,Kab. Garut,Haurpanggung,Perkotaan,2022,29260012867,22061364751,268440485.01834863,202397841.7522936,"Rp 29,260,012,867","Rp 22,061,364,751",75.4
104,Jabar,Kab. Garut,KARANGPAWITAN,Perdesaan,2022,49799455390,37913618738,259372163.48958334,197466764.26041666,"Rp 49,799,455,390","Rp 37,913,618,738",76.13
105,Jabar,Kab. Garut,KARANGSARI,Perdesaan,2022,30846116091,22718806883,272974478.6814159,201051388.34513274,"Rp 30,846,116,091","Rp 22,718,806,883",73.65
106,Jabar,Kab. Garut,KARANGTENGAH,Perdesaan,2022,24880618553,19211439466,246342757.95049506,190212271.94059405,"Rp 24,880,618,553","Rp 19,211,439,466",77.21
107,Jabar,Kab. Garut,Kadungora,Perdesaan,2022,36847072764,28439197808,226055661.12883437,174473606.18404907,"Rp 36,847,072,764","Rp 28,439,197,808",77.18
108,Jabar,Kab. Garut,Karangmulya,Perdesaan,2022,52681077044,40201602864,259512694.79802954,198037452.5320197,"Rp 52,681,077,044","Rp 40,201,602,864",76.31
109,Jabar,Kab. Garut,Kersamenak,Perdesaan,2022,38687611868,30194006475,254523762.28947368,198644779.44078946,"Rp 38,687,611,868","Rp 30,194,006,475",78.05
110,Jabar,Kab. Garut,LEMBANG,Perdesaan,2022,43631258669,33325688179,252203807.33526012,192634035.71676302,"Rp 43,631,258,669","Rp 33,325,688,179",76.38
111,Jabar,Kab. Garut,Leles,Perdesaan,2022,33764686738,24574530983,265863675.10236222,193500243.9606299,"Rp 33,764,686,738","Rp 24,574,530,983",72.78
112,Jabar,Kab. Garut,Leuwigoong,Perdesaan,2022,36367248893,26439598194,267406241.8602941,194408810.25,"Rp 36,367,248,893","Rp 26,439,598,194",72.7
113,Jabar,Kab. Garut,Malangbong,Perdesaan,2022,40257826128,31137973279,268385507.52,207586488.52666667,"Rp 40,257,826,128","Rp 31,137,973,279",77.35
114,Jabar,Kab. Garut,Maripari,Perdesaan,2022,28087385545,21643038150,246380574.95614034,189851211.84210527,"Rp 28,087,385,545","Rp 21,643,038,150",77.06
115,Jabar,Kab. Garut,Maroko,Terpencil,2022,20891205175,15430891179,222246863.56382978,164158416.79787233,"Rp 20,891,205,175","Rp 15,430,891,179",73.86
116,Jabar,Kab. Garut,Mekarmukti,Terpencil,2022,30951776522,23277401065,264545098.47863248,198952145.85470086,"Rp 30,951,776,522","Rp 23,277,401,065",75.21
117,Jabar,Kab. Garut,Mekarwangi,Perdesaan,2022,29213334078,21829849496,231851857.76190478,173252773.7777778,"Rp 29,213,334,078","Rp 21,829,849,496",74.73
118,Jabar,Kab. Garut,PADAAWAS,Perdesaan,2022,42457850932,32074773048,237194697.9441341,179188676.24581006,"Rp 42,457,850,932","Rp 32,074,773,048",75.54
119,Jabar,Kab. Garut,PAMEUNGPEUK,Perdesaan,2022,16670958355,12456816095,252590278.1060606,188739637.8030303,"Rp 16,670,958,355","Rp 12,456,816,095",74.72
120,Jabar,Kab. Garut,PAMULIHAN,Terpencil,2022,19713067145,14337132514,259382462.43421054,188646480.4473684,"Rp 19,713,067,145","Rp 14,337,132,514",72.73
121,Jabar,Kab. Garut,PEUNDEUY,Terpencil,2022,32819375297,25229506517,237821560.1231884,182822510.99275362,"Rp 32,819,375,297","Rp 25,229,506,517",76.87
122,Jabar,Kab. Garut,Pakuwon,Perdesaan,2022,31948324217,23555779702,251561608.007874,185478580.33070865,"Rp 31,948,324,217","Rp 23,555,779,702",73.73
123,Jabar,Kab. Garut,Pameungpeuk,Perdesaan,2022,11487793428,8049506199,249734639.73913044,174989265.1956522,"Rp 11,487,793,428","Rp 8,049,506,199",70.07
124,Jabar,Kab. Garut,Pamulihan,Terpencil,2022,8884700082,7043451624,227812822.6153846,180601323.69230768,"Rp 8,884,700,082","Rp 7,043,451,624",79.28
125,Jabar,Kab. Garut,Pasundan,Perkotaan,2022,29942729562,23040891900,262655522.47368422,202113086.84210527,"Rp 29,942,729,562","Rp 23,040,891,900",76.95
126,Jabar,Kab. Garut,Pembangunan,Perkotaan,2022,54268294771,40752976221,257195709.81516588,193142067.39810428,"Rp 54,268,294,771","Rp 40,752,976,221",75.1
127,Jabar,Kab. Garut,RANCASALAK,Perdesaan,2022,23561692232,17514520769,245434294.08333334,182442924.67708334,"Rp 23,561,692,232","Rp 17,514,520,769",74.33
128,Jabar,Kab. Garut,SAMARANG,Perdesaan,2022,36905292224,27349283252,271362442.8235294,201097670.97058824,"Rp 36,905,292,224","Rp 27,349,283,252",74.11
129,Jabar,Kab. Garut,SELAAWI,Perdesaan,2022,20522828686,15441011889,259782641.5949367,195455846.69620255,"Rp 20,522,828,686","Rp 15,441,011,889",75.24
130,Jabar,Kab. Garut,SILIWANGI,Perkotaan,2022,34353586835,26267629997,266306874.68992248,203625038.7364341,"Rp 34,353,586,835","Rp 26,267,629,997",76.46
131,Jabar,Kab. Garut,SUKAHURIP,Perdesaan,2022,19916249114,14827322770,252104419.16455695,187687630.0,"Rp 19,916,249,114","Rp 14,827,322,770",74.45
132,Jabar,Kab. Garut,SUKAMERANG,Perdesaan,2022,8061293202,6298356282,230322662.91428572,179953036.62857142,"Rp 8,061,293,202","Rp 6,298,356,282",78.13
133,Jabar,Kab. Garut,SUKARAME,Terpencil,2022,27799359864,19997918672,264755808.22857141,190456368.30476192,"Rp 27,799,359,864","Rp 19,997,918,672",71.94
134,Jabar,Kab. Garut,Sindangratu,Terpencil,2022,41096918347,31751177592,268607309.4575163,207524036.5490196,"Rp 41,096,918,347","Rp 31,751,177,592",77.26
135,Jabar,Kab. Garut,Singajaya,Terpencil,2022,38442479749,29057845783,266961664.9236111,201790595.7152778,"Rp 38,442,479,749","Rp 29,057,845,783",75.59
136,Jabar,Kab. Garut,Sukahurip,Perdesaan,2022,11387386330,8667926723,253053029.55555555,192620593.84444445,"Rp 11,387,386,330","Rp 8,667,926,723",76.12
137,Jabar,Kab. Garut,Sukakarya,Perdesaan,2022,45979069658,33609032249,256866310.9385475,187759956.69832402,"Rp 45,979,069,658","Rp 33,609,032,249",73.1
138,Jabar,Kab. Garut,Sukamerang,Perdesaan,2022,9506041909,7405135897,250158997.60526314,194871997.28947368,"Rp 9,506,041,909","Rp 7,405,135,897",77.9
139,Jabar,Kab. Garut,Sukamukti,Perdesaan,2022,25234560364,19583940914,277302861.14285713,215208141.91208792,"Rp 25,234,560,364","Rp 19,583,940,914",77.61
140,Jabar,Kab. Garut,Sukamulya,Perdesaan,2022,37733405070,27939091292,245022110.84415585,181422670.72727272,"Rp 37,733,405,070","Rp 27,939,091,292",74.04
141,Jabar,Kab. Garut,Sukaraja,Perdesaan,2022,30020917937,22460892027,258801016.69827586,193628379.54310346,"Rp 30,020,917,937","Rp 22,460,892,027",74.82
142,Jabar,Kab. Garut,Sukarame,Terpencil,2022,8639000583,6640816098,261787896.45454547,201236851.45454547,"Rp 8,639,000,583","Rp 6,640,816,098",76.87
143,Jabar,Kab. Garut,Sukawening,Perdesaan,2022,29468229012,22306925620,272853972.3333333,206545607.5925926,"Rp 29,468,229,012","Rp 22,306,925,620",75.7
144,Jabar,Kab. Garut,TAROGONG,Perkotaan,2022,40299208370,30020795217,251870052.3125,187629970.10625,"Rp 40,299,208,370","Rp 30,020,795,217",74.49
145,Jabar,Kab. Garut,Talegong,Terpencil,2022,34008701220,25468858348,250063979.55882353,187271017.2647059,"Rp 34,008,701,220","Rp 25,468,858,348",74.89
146,Jabar,Kab. Garut,Tegalgede,Sangat Terpencil,2022,35075683538,26376342473,236997861.74324325,178218530.22297296,"Rp 35,075,683,538","Rp 26,376,342,473",75.2
147,Jabar,Kab. Garut,WANARAJA,Perdesaan,2022,24100619666,17954130757,238619996.6930693,177763670.86138615,"Rp 24,100,619,666","Rp 17,954,130,757",74.5
148,Jabar,Kab. Garut,suka senang,Perdesaan,2022,36431190876,27060503204,260222791.97142857,193289308.6,"Rp 36,431,190,876","Rp 27,060,503,204",74.28
149,Jatim,Kab. Ponorogo,Jetis,Perdesaan,2023,16970206482,13011131466,257124340.63636363,197138355.54545453,"Rp 16,970,206,482","Rp 13,011,131,466",76.67
150,Kaltara,Kab. Nunukan,Aji Kuning,Perdesaan,2023,24661215765,18508805724,271002371.04395604,203393469.4945055,"Rp 24,661,215,765","Rp 18,508,805,724",75.05
151,Kaltara,Kab. Nunukan,Atap,Terpencil,2023,19734450366,14713556349,249803169.18987343,186247548.721519,"Rp 19,734,450,366","Rp 14,713,556,349",74.56
152,Kaltara,Kab. Nunukan,Binter,Sangat Terpencil,2023,17325348395,13076980781,258587289.47761193,195178817.62686568,"Rp 17,325,348,395","Rp 13,076,980,781",75.48
153,Kaltara,Kab. Nunukan,LAPRI,Perdesaan,2023,19194292404,14485226378,255923898.72,193136351.70666668,"Rp 19,194,292,404","Rp 14,485,226,378",75.47
154,Kaltara,Kab. Nunukan,Long Bawan,Sangat Terpencil,2023,12437999785,9464048530,253836730.30612245,193143847.5510204,"Rp 12,437,999,785","Rp 9,464,048,530",76.09
155,Kaltara,Kab. Nunukan,Long Layu,Sangat Terpencil,2023,12032436136,9349143036,256009279.4893617,198917936.93617022,"Rp 12,032,436,136","Rp 9,349,143,036",77.7
156,Kaltara,Kab. Nunukan,Mansalong,Terpencil,2023,24385273050,17978675732,267970033.51648352,197567865.18681318,"Rp 24,385,273,050","Rp 17,978,675,732",73.73
157,Kaltara,Kab. Nunukan,NUNUKAN,Perkotaan,2023,26140430214,20002108734,266739083.81632653,204103150.3469388,"Rp 26,140,430,214","Rp 20,002,108,734",76.52
158,Kaltara,Kab. Nunukan,Nunukan,Perkotaan,2023,336003696,269951317,336003696.0,269951317.0,"Rp 336,003,696","Rp 269,951,317",80.34
159,Kaltara,Kab. Nunukan,Nunukan Timur,Perkotaan,2023,13654952506,10446344378,235430215.62068966,180109385.8275862,"Rp 13,654,952,506","Rp 10,446,344,378",76.5
160,Kaltara,Kab. Nunukan,Pembeliangan,Terpencil,2023,22928236526,17814937802,233961597.20408162,181785079.6122449,"Rp 22,928,236,526","Rp 17,814,937,802",77.7
161,Kaltara,Kab. Nunukan,Sanur,Terpencil,2023,18605157782,13583636211,241625425.74025974,176410859.88311687,"Rp 18,605,157,782","Rp 13,583,636,211",73.01
162,Kaltara,Kab. Nunukan,Sebatik Utara,Perdesaan,2023,481009928,321458082,481009928.0,321458082.0,"Rp 481,009,928","Rp 321,458,082",66.83
163,Kaltara,Kab. Nunukan,Sedadap,Perdesaan,2023,19321793014,14508394945,297258354.06153846,223206076.07692307,"Rp 19,321,793,014","Rp 14,508,394,945",75.09
164,Kaltara,Kab. Nunukan,Sei Menggaris,Terpencil,2023,19157832784,14720047009,248803023.16883117,191169441.67532468,"Rp 19,157,832,784","Rp 14,720,047,009",76.84
165,Kaltara,Kab. Nunukan,Seimanggaris,Terpencil,2023,43308389,36252897,43308389.0,36252897.0,"Rp 43,308,389","Rp 36,252,897",83.71
166,Kaltara,Kab. Nunukan,Setabu,Perdesaan,2023,15296594674,11075265191,242803090.06349206,175797860.17460316,"Rp 15,296,594,674","Rp 11,075,265,191",72.4
167,Kaltara,Kab. Nunukan,Sungai Nyamuk,Perdesaan,2023,25310890106,19375694664,245736797.14563107,188113540.42718446,"Rp 25,310,890,106","Rp 19,375,694,664",76.55
168,Kaltara,Kab. Nunukan,Sungai Taiwan,Perdesaan,2023,19479193650,14997546003,246572071.51898733,189842354.46835443,"Rp 19,479,193,650","Rp 14,997,546,003",76.99
169,Kaltara,Kab. Nunukan,Sungai taiwan,Perdesaan,2023,280759441,149207863,280759441.0,149207863.0,"Rp 280,759,441","Rp 149,207,863",53.14
170,Kaltara,Kab. Nunukan,Tanjung Harapan,Terpencil,2023,19658133545,15165799543,248837133.48101267,191972146.11392406,"Rp 19,658,133,545","Rp 15,165,799,543",77.15
171,Kalteng,Kab. Pulang Pisau,Bahaur Hilir,Terpencil,2023,10116976788,7799584486,246755531.41463414,190233767.9512195,"Rp 10,116,976,788","Rp 7,799,584,486",77.09
172,Kalteng,Kab. Pulang Pisau,Bahaur Tengah,Terpencil,2023,6204046700,4648358763,213932644.8275862,160288233.20689654,"Rp 6,204,046,700","Rp 4,648,358,763",74.92
173,Kalteng,Kab. Pulang Pisau,Bawan,Perdesaan,2023,8867428493,6343786547,260806720.38235295,186581957.2647059,"Rp 8,867,428,493","Rp 6,343,786,547",71.54
174,Kalteng,Kab. Pulang Pisau,Bereng,Perkotaan,2023,9180325994,6815789535,241587526.15789473,179362882.5,"Rp 9,180,325,994","Rp 6,815,789,535",74.24
175,Kalteng,Kab. Pulang Pisau,Bukit Rawi,Perdesaan,2023,9001918675,6660568262,257197676.42857143,190301950.34285715,"Rp 9,001,918,675","Rp 6,660,568,262",73.99
176,Kalteng,Kab. Pulang Pisau,Jabiren,Perdesaan,2023,14363436958,11291653230,251990122.07017544,198099179.47368422,"Rp 14,363,436,958","Rp 11,291,653,230",78.61
177,Kalteng,Kab. Pulang Pisau,Maliku,Perdesaan,2023,12103315232,9042983176,263115548.52173913,196586590.7826087,"Rp 12,103,315,232","Rp 9,042,983,176",74.71
178,Kalteng,Kab. Pulang Pisau,Pangkoh,Perdesaan,2023,10433901189,8179446887,298111462.54285717,233698482.4857143,"Rp 10,433,901,189","Rp 8,179,446,887",78.39
179,Kalteng,Kab. Pulang Pisau,Pulang Pisau,Perkotaan,2023,8344921715,6096675669,252876415.6060606,184747747.54545453,"Rp 8,344,921,715","Rp 6,096,675,669",73.06
180,Kalteng,Kab. Pulang Pisau,Sebangau,Sangat Terpencil,2023,11194586087,8265874320,243360567.10869566,179692920.0,"Rp 11,194,586,087","Rp 8,265,874,320",73.84
181,Kalteng,Kab. Pulang Pisau,Tahai,Perdesaan,2023,9190062574,7114229585,255279515.94444445,197617488.4722222,"Rp 9,190,062,574","Rp 7,114,229,585",77.41
182,Kalteng,Kab. Pulang Pisau,Tangkahen,Sangat Terpencil,2023,5724933346,4304477818,248910145.47826087,187151209.47826087,"Rp 5,724,933,346","Rp 4,304,477,818",75.19
183,NTB,KSB,BRANG REA,Perdesaan,2022,41374639321,30771167118,227333183.08241758,169072346.8021978,"Rp 41,374,639,321","Rp 30,771,167,118",74.37
184,NTB,KSB,Brang Ene,Perdesaan,2022,29585728021,21162595320,240534374.15447155,172053620.4878049,"Rp 29,585,728,021","Rp 21,162,595,320",71.53
185,NTB,KSB,JEREWEH,Perdesaan,2022,44511182685,33940894842,260299313.9473684,198484765.15789473,"Rp 44,511,182,685","Rp 33,940,894,842",76.25
186,NTB,KSB,MALUK,Perdesaan,2022,47924947657,35798857795,256283142.55080214,191437742.21925133,"Rp 47,924,947,657","Rp 35,798,857,795",74.7
187,NTB,KSB,POTO TANO,Perdesaan,2022,41680024852,31247413498,255705673.9386503,191701923.3006135,"Rp 41,680,024,852","Rp 31,247,413,498",74.97
188,NTB,KSB,SEKONGKANG,Perdesaan,2022,46845492316,35499372931,258814874.67403314,196129132.2154696,"Rp 46,845,492,316","Rp 35,499,372,931",75.78
189,NTB,KSB,SETELUK,Perdesaan,2022,26952756158,19335130594,251894917.36448598,180702155.08411214,"Rp 26,952,756,158","Rp 19,335,130,594",71.74
190,NTB,KSB,TALIWANG,Perkotaan,2022,34144373510,25850303677,258669496.28787878,195835633.91666666,"Rp 34,144,373,510","Rp 25,850,303,677",75.71
191,NTB,KSB,Tongo,Terpencil,2022,31814542597,24460349564,254516340.776,195682796.512,"Rp 31,814,542,597","Rp 24,460,349,564",76.88
192,Sultra,Kab. Bombana,Kabaena,Sangat Terpencil,2023,20086062755,15385220784,264290299.40789473,202437115.57894737,"Rp 20,086,062,755","Rp 15,385,220,784",76.6
193,Sultra,Kab. Bombana,Kabaena Barat,Sangat Terpencil,2023,12866639344,9805051605,221838609.37931034,169052613.87931034,"Rp 12,866,639,344","Rp 9,805,051,605",76.21
194,Sultra,Kab. Bombana,Kabaena Selatan,Sangat Terpencil,2023,8365460701,6389002719,214498992.33333334,163820582.53846154,"Rp 8,365,460,701","Rp 6,389,002,719",76.37
195,Sultra,Kab. Bombana,Kabaena Tengah,Sangat Terpencil,2023,11096972507,8157980711,246599389.04444444,181288460.24444443,"Rp 11,096,972,507","Rp 8,157,980,711",73.52
196,Sultra,Kab. Bombana,Kabaena Timur,Sangat Terpencil,2023,98662907,52429372,98662907.0,52429372.0,"Rp 98,662,907","Rp 52,429,372",53.14
197,Sultra,Kab. Bombana,Kabaena Utara,Sangat Terpencil,2023,10365274233,7916856542,259131855.825,197921413.55,"Rp 10,365,274,233","Rp 7,916,856,542",76.38
198,Sultra,Kab. Bombana,Lomba kasih,Terpencil,2023,77767425,61504424,77767425.0,61504424.0,"Rp 77,767,425","Rp 61,504,424",79.09
199,Sultra,Kab. Bombana,Lombakasih,Terpencil,2023,20881812732,15738125368,282186658.5405405,212677369.83783785,"Rp 20,881,812,732","Rp 15,738,125,368",75.37
200,Sultra,Kab. Bombana,Masaloka Raya,Sangat Terpencil,2023,9879642695,7573077080,235229587.97619048,180311359.04761904,"Rp 9,879,642,695","Rp 7,573,077,080",76.65
201,Sultra,Kab. Bombana,Mataoelo,Sangat Terpencil,2023,66859243,62301219,66859243.0,62301219.0,"Rp 66,859,243","Rp 62,301,219",93.18
202,Sultra,Kab. Bombana,Mataoleo,Sangat Terpencil,2023,10958674840,8481098273,267284752.19512194,206856055.4390244,"Rp 10,958,674,840","Rp 8,481,098,273",77.39
203,Sultra,Kab. Bombana,Matausu,Sangat Terpencil,2023,13758845287,10926982790,250160823.4,198672414.36363637,"Rp 13,758,845,287","Rp 10,926,982,790",79.42
204,Sultra,Kab. Bombana,Poleang,Terpencil,2023,11054029276,8051858300,235192112.25531915,171316134.0425532,"Rp 11,054,029,276","Rp 8,051,858,300",72.84
205,Sultra,Kab. Bombana,Poleang Barat,Terpencil,2023,16897027698,12166284942,272532704.8064516,196230402.29032257,"Rp 16,897,027,698","Rp 12,166,284,942",72.0
206,Sultra,Kab. Bombana,Poleang Selatan,Terpencil,2023,11463500158,8624089926,254744447.95555556,191646442.8,"Rp 11,463,500,158","Rp 8,624,089,926",75.23
207,Sultra,Kab. Bombana,Poleang Tengah,Terpencil,2023,12207772509,8782237187,283901686.25581396,204238074.11627907,"Rp 12,207,772,509","Rp 8,782,237,187",71.94
208,Sultra,Kab. Bombana,Poleang Tenggara,Sangat Terpencil,2023,16244923667,12890751121,295362248.4909091,234377293.1090909,"Rp 16,244,923,667","Rp 12,890,751,121",79.35
209,Sultra,Kab. Bombana,Poleang Timur,Terpencil,2023,12350143988,9187466842,268481391.04347825,199727540.04347825,"Rp 12,350,143,988","Rp 9,187,466,842",74.39
210,Sultra,Kab. Bombana,Poleang Utara,Terpencil,2023,13534891526,10275394917,241694491.5357143,183489194.94642857,"Rp 13,534,891,526","Rp 10,275,394,917",75.92
211,Sultra,Kab. Bombana,Rarowatu,Terpencil,2023,15901935089,11971241620,283963126.58928573,213772171.7857143,"Rp 15,901,935,089","Rp 11,971,241,620",75.28
212,Sultra,Kab. Bombana,Rarowatu Utara,Terpencil,2023,17383709767,12944567034,255642790.69117647,190361279.9117647,"Rp 17,383,709,767","Rp 12,944,567,034",74.46
213,Sultra,Kab. Bombana,Rumbia,Perkotaan,2023,13015021222,9803687696,265612678.0,200075259.10204083,"Rp 13,015,021,222","Rp 9,803,687,696",75.33
214,Sultra,Kab. Bombana,Rumbia Tengah,Perkotaan,2023,12643199605,9027993718,247905874.60784313,177019484.66666666,"Rp 12,643,199,605","Rp 9,027,993,718",71.41
215,Sultra,Kab. Bombana,Tontonunu,Terpencil,2023,16189588391,12791720271,311338238.28846157,245994620.59615386,"Rp 16,189,588,391","Rp 12,791,720,271",79.01
216,Sultra,Kab. Bombana,kabaena timur,Sangat Terpencil,2023,14157266965,10178211039,244090809.74137932,175486397.22413793,"Rp 14,157,266,965","Rp 10,178,211,039",71.89
217,Sultra,Kab. Buton Tengah,GU,Terpencil,2023,35089158524,25269299739,229340905.38562092,165158821.82352942,"Rp 35,089,158,524","Rp 25,269,299,739",72.01
218,Sultra,Kab. Buton Tengah,Gu,Terpencil,2023,385165954,371048934,385165954.0,371048934.0,"Rp 385,165,954","Rp 371,048,934",96.33
219,Sultra,Kab. Buton Tengah,Kanapa-Napa,Terpencil,2023,479869090,377125248,479869090.0,377125248.0,"Rp 479,869,090","Rp 377,125,248",78.59
220,Sultra,Kab. Buton Tengah,Kanapa-napa,Terpencil,2023,36789794255,27913450315,237353511.32258064,180086776.22580644,"Rp 36,789,794,255","Rp 27,913,450,315",75.87
221,Sultra,Kab. Buton Tengah,Lakudo,Terpencil,2023,61620056667,46444940696,263333575.5,198482652.54700854,"Rp 61,620,056,667","Rp 46,444,940,696",75.37
222,Sultra,Kab. Buton Tengah,Mawasangka,Terpencil,2023,52083344805,38741097720,260416724.025,193705488.6,"Rp 52,083,344,805","Rp 38,741,097,720",74.38
223,Sultra,Kab. Buton Tengah,Mawasangka Tengah,Terpencil,2023,41875837265,32106527479,256906977.08588958,196972561.2208589,"Rp 41,875,837,265","Rp 32,106,527,479",76.67
224,Sultra,Kab. Buton Tengah,Mawasangka Timur,Terpencil,2023,44457450167,33125811719,241616576.99456522,180031585.4293478,"Rp 44,457,450,167","Rp 33,125,811,719",74.51
225,Sultra,Kab. Buton Tengah,One Waara,Terpencil,2023,40513400960,30612103881,250082721.97530866,188963604.2037037,"Rp 40,513,400,960","Rp 30,612,103,881",75.56
226,Sultra,Kab. Buton Tengah,Rahia,Terpencil,2023,49183755182,36387509959,256165391.57291666,189518281.03645834,"Rp 49,183,755,182","Rp 36,387,509,959",73.98
227,Sultra,Kab. Buton Tengah,Sangia Wambulu,Terpencil,2023,45288757598,34058997672,257322486.35227272,193517032.22727272,"Rp 45,288,757,598","Rp 34,058,997,672",75.2
228,Sultra,Kab. Buton Tengah,Talaga Raya,Sangat Terpencil,2023,41312302130,31140049789,255014210.67901236,192222529.5617284,"Rp 41,312,302,130","Rp 31,140,049,789",75.38
229,Sultra,Kab. Buton Tengah,Wadiabero,Terpencil,2023,45185296678,33727899685,259685613.09195402,193838503.93678162,"Rp 45,185,296,678","Rp 33,727,899,685",74.64
230,Sultra,Kab. Buton Tengah,Wakambangura,Terpencil,2023,43686790152,32879127823,256981118.54117647,193406634.2529412,"Rp 43,686,790,152","Rp 32,879,127,823",75.26
231,Sultra,Kab. Buton Tengah,Wamolo,Terpencil,2023,50082983484,36735237263,262214573.2146597,192331085.14659685,"Rp 50,082,983,484","Rp 36,735,237,263",73.35
232,Sultra,Kab. Buton Tengah,Watorumbe Bata,Terpencil,2023,42279632205,31506734243,267592608.89240506,199409710.39873418,"Rp 42,279,632,205","Rp 31,506,734,243",74.52
233,Sultra,Kab. Kolaka,BAULA,Perkotaan,2023,159554370,133999788,159554370.0,133999788.0,"Rp 159,554,370","Rp 133,999,788",83.98
234,Sultra,Kab. Kolaka,Baula,Perkotaan,2023,20844866084,15684367702,263859064.35443038,198536300.02531645,"Rp 20,844,866,084","Rp 15,684,367,702",75.24
235,Sultra,Kab. Kolaka,IWOIMENDAA,Terpencil,2023,88824844,88047494,88824844.0,88047494.0,"Rp 88,824,844","Rp 88,047,494",99.12
236,Sultra,Kab. Kolaka,Iwoimendaa,Terpencil,2023,14876050526,11010860959,228862315.7846154,169397860.9076923,"Rp 14,876,050,526","Rp 11,010,860,959",74.02
237,Sultra,Kab. Kolaka,KOLAKA,Perkotaan,2023,20582717453,15513552314,260540727.25316456,196374079.92405063,"Rp 20,582,717,453","Rp 15,513,552,314",75.37
238,Sultra,Kab. Kolaka,KOLAKAASI,Perkotaan,2023,424682417,343294897,424682417.0,343294897.0,"Rp 424,682,417","Rp 343,294,897",80.84
239,Sultra,Kab. Kolaka,KUKUTIO,Terpencil,2023,83784653,78104343,83784653.0,78104343.0,"Rp 83,784,653","Rp 78,104,343",93.22
240,Sultra,Kab. Kolaka,Kolakaasi,Perkotaan,2023,26377377072,20412828278,239794337.01818183,185571166.16363636,"Rp 26,377,377,072","Rp 20,412,828,278",77.39
241,Sultra,Kab. Kolaka,Kukutio,Terpencil,2023,17139468634,12956448656,267804197.40625,202444510.25,"Rp 17,139,468,634","Rp 12,956,448,656",75.59
242,Sultra,Kab. Kolaka,LATAMBAGA,Perkotaan,2023,232931668,127288611,232931668.0,127288611.0,"Rp 232,931,668","Rp 127,288,611",54.65
243,Sultra,Kab. Kolaka,Latambaga,Perkotaan,2023,18621058919,13946024873,269870419.115942,202116302.50724638,"Rp 18,621,058,919","Rp 13,946,024,873",74.89
244,Sultra,Kab. Kolaka,POLINGGONA,Terpencil,2023,361827353,325689133,361827353.0,325689133.0,"Rp 361,827,353","Rp 325,689,133",90.01
245,Sultra,Kab. Kolaka,POMALAA,Perkotaan,2023,20785592738,14929831313,263108768.83544305,188985206.49367088,"Rp 20,785,592,738","Rp 14,929,831,313",71.83
246,Sultra,Kab. Kolaka,Polinggona,Terpencil,2023,16840985551,12493371266,267317230.96825397,198307480.41269842,"Rp 16,840,985,551","Rp 12,493,371,266",74.18
247,Sultra,Kab. Kolaka,TANGGETADA,Terpencil,2023,118382898,91171169,118382898.0,91171169.0,"Rp 118,382,898","Rp 91,171,169",77.01
248,Sultra,Kab. Kolaka,TOARI,Terpencil,2023,465015975,463039991,465015975.0,463039991.0,"Rp 465,015,975","Rp 463,039,991",99.58
249,Sultra,Kab. Kolaka,TOSIBA,Perdesaan,2023,108704835,107838026,108704835.0,107838026.0,"Rp 108,704,835","Rp 107,838,026",99.2
250,Sultra,Kab. Kolaka,Tanggetada,Terpencil,2023,13983657204,10542740956,221962812.76190478,167345094.53968254,"Rp 13,983,657,204","Rp 10,542,740,956",75.39
251,Sultra,Kab. Kolaka,Toari,Terpencil,2023,16417382437,12229338385,248748218.74242425,185293005.83333334,"Rp 16,417,382,437","Rp 12,229,338,385",74.49
252,Sultra,Kab. Kolaka,Tosiba,Perdesaan,2023,18126013402,12855839980,258943048.6,183654856.85714287,"Rp 18,126,013,402","Rp 12,855,839,980",70.92
253,Sultra,Kab. Kolaka,WATUBANGGA,Terpencil,2023,147388778,96966903,147388778.0,96966903.0,"Rp 147,388,778","Rp 96,966,903",65.79
254,Sultra,Kab. Kolaka,WOLO,Terpencil,2023,17377829748,13082501793,225686100.62337664,169902620.6883117,"Rp 17,377,829,748","Rp 13,082,501,793",75.28
255,Sultra,Kab. Kolaka,WUNDULAKO,Perkotaan,2023,263551463,255405751,263551463.0,255405751.0,"Rp 263,551,463","Rp 255,405,751",96.91
256,Sultra,Kab. Kolaka,Watubangga,Terpencil,2023,16681540489,12476816169,219493953.8026316,164168633.8026316,"Rp 16,681,540,489","Rp 12,476,816,169",74.79
257,Sultra,Kab. Kolaka,Wundulako,Perkotaan,2023,18611936844,14106762602,277790102.1492537,210548695.5522388,"Rp 18,611,936,844","Rp 14,106,762,602",75.79
258,Sultra,Kab. Muna Barat,Barangka,Perdesaan,2023,52338800884,39656067603,263009049.6683417,199276721.62311557,"Rp 52,338,800,884","Rp 39,656,067,603",75.77
259,Sultra,Kab. Muna Barat,Guali,Perdesaan,2023,56395652068,42866967922,264768319.56807512,201253370.5258216,"Rp 56,395,652,068","Rp 42,866,967,922",76.01
260,Sultra,Kab. Muna Barat,Kampobalano,Perdesaan,2023,39805895818,29452302212,280323209.9859155,207410578.95774648,"Rp 39,805,895,818","Rp 29,452,302,212",73.99
261,Sultra,Kab. Muna Barat,Kombiikuno,Sangat Terpencil,2023,55724714708,41880604455,259184719.572093,194793509.09302327,"Rp 55,724,714,708","Rp 41,880,604,455",75.16
262,Sultra,Kab. Muna Barat,Kombikuno,Sangat Terpencil,2023,422777468,311814423,422777468.0,311814423.0,"Rp 422,777,468","Rp 311,814,423",73.75
263,Sultra,Kab. Muna Barat,Lailangga,Perdesaan,2023,60441291769,44717049521,245696308.00406504,181776624.06910568,"Rp 60,441,291,769","Rp 44,717,049,521",73.98
264,Sultra,Kab. Muna Barat,Lawa,Perdesaan,2023,50667730265,38297178368,247159659.8292683,186815504.23414633,"Rp 50,667,730,265","Rp 38,297,178,368",75.58
265,Sultra,Kab. Muna Barat,Maginti,Sangat Terpencil,2023,39072420069,28580523302,252080129.47741935,184390472.91612902,"Rp 39,072,420,069","Rp 28,580,523,302",73.15
266,Sultra,Kab. Muna Barat,Marobea,Perdesaan,2023,34773168586,25617729008,263433095.34848484,194073704.6060606,"Rp 34,773,168,586","Rp 25,617,729,008",73.67
267,Sultra,Kab. Muna Barat,Pajala,Sangat Terpencil,2023,29312405543,23037122479,248410216.4661017,195229851.51694915,"Rp 29,312,405,543","Rp 23,037,122,479",78.59
268,Sultra,Kab. Muna Barat,Sidamangura,Terpencil,2023,26913759820,19818673104,246915227.70642203,181822689.02752292,"Rp 26,913,759,820","Rp 19,818,673,104",73.64
269,Sultra,Kab. Muna Barat,Tikep,Perdesaan,2023,54358827077,40776748485,269103104.34158415,201865091.509901,"Rp 54,358,827,077","Rp 40,776,748,485",75.01
270,Sultra,Kab. Muna Barat,Tiworo Kepulauan,Perdesaan,2023,396567540,347250464,396567540.0,347250464.0,"Rp 396,567,540","Rp 347,250,464",87.56
271,Sultra,Kab. Muna Barat,Tiworo Selatan,Terpencil,2023,33810341262,24790287267,254213092.19548872,186393137.34586465,"Rp 33,810,341,262","Rp 24,790,287,267",73.32
272,Sultra,Kab. Muna Barat,Tiworo Tengah,Perdesaan,2023,27362731630,19881468788,240023961.66666666,174398849.01754385,"Rp 27,362,731,630","Rp 19,881,468,788",72.66
273,Sultra,Kab. Muna Barat,Tondasi,Sangat Terpencil,2023,27873863673,20752665996,248873782.79464287,185291660.67857143,"Rp 27,873,863,673","Rp 20,752,665,996",74.45
274,Sultra,Kab. Muna Barat,Tondasi & Bero,Sangat Terpencil,2023,361158766,341932377,361158766.0,341932377.0,"Rp 361,158,766","Rp 341,932,377",94.68
275,Sultra,Kab. Muna Barat,Wuna,Perdesaan,2023,37005142652,27777932404,266224047.8561151,199841240.31654677,"Rp 37,005,142,652","Rp 27,777,932,404",75.07
276,Sumsel,Kab. Musi Rawas Utara,Bingin Teluk,Perdesaan,2023,27688790988,20234230703,249448567.45945945,182290366.6936937,"Rp 27,688,790,988","Rp 20,234,230,703",73.08
277,Sumsel,Kab. Musi Rawas Utara,KARANG JAYA,Perdesaan,2023,13420278654,10138315068,248523678.7777778,187746575.33333334,"Rp 13,420,278,654","Rp 10,138,315,068",75.54
278,Sumsel,Kab. Musi Rawas Utara,Karang Dapo,Perdesaan,2023,38511753408,28829240227,277062974.1582734,207404605.94964027,"Rp 38,511,753,408","Rp 28,829,240,227",74.86
279,Sumsel,Kab. Musi Rawas Utara,Karang Jaya,Perdesaan,2023,23821990824,17504610024,233548929.6470588,171613823.7647059,"Rp 23,821,990,824","Rp 17,504,610,024",73.48
280,Sumsel,Kab. Musi Rawas Utara,Muara Kulam,Terpencil,2023,27771472655,20422040282,239409247.02586207,176052071.39655173,"Rp 27,771,472,655","Rp 20,422,040,282",73.54
281,Sumsel,Kab. Musi Rawas Utara,Muara Rupit,Perdesaan,2023,30546787742,22853408928,250383506.0819672,187323024.0,"Rp 30,546,787,742","Rp 22,853,408,928",74.81
282,Sumsel,Kab. Musi Rawas Utara,NIBUNG,Perdesaan,2023,7957127721,6081488085,241125082.45454547,184287517.72727272,"Rp 7,957,127,721","Rp 6,081,488,085",76.43
283,Sumsel,Kab. Musi Rawas Utara,Nibung,Perdesaan,2023,20389085191,15261405427,245651628.80722892,183872354.54216868,"Rp 20,389,085,191","Rp 15,261,405,427",74.85
284,Sumsel,Kab. Musi Rawas Utara,Pauh,Terpencil,2023,28641301384,21353126081,255725905.2142857,190652911.4375,"Rp 28,641,301,384","Rp 21,353,126,081",74.55
285,Sumsel,Kab. Musi Rawas Utara,Rupit,Perdesaan,2023,27667864,14320782,27667864.0,14320782.0,"Rp 27,667,864","Rp 14,320,782",51.76
286,Sumsel,Kab. Musi Rawas Utara,SURULANGUN,Perdesaan,2023,20720395639,15147620211,232813434.1460674,170197979.8988764,"Rp 20,720,395,639","Rp 15,147,620,211",73.1
287,Sumsel,Kab. Musi Rawas Utara,Surulangun,Perdesaan,2023,7441131553,5555228880,232535361.03125,173600902.5,"Rp 7,441,131,553","Rp 5,555,228,880",74.66
288,Sumsel,Kab. Ogan Komering Ulu,BATUMARTA II,Perdesaan,2023,15150738999,11523268124,226130432.82089552,171989076.47761193,"Rp 15,150,738,999","Rp 11,523,268,124",76.06
289,Sumsel,Kab. Ogan Komering Ulu,Batumarta II,Perdesaan,2023,486463876,340166734,486463876.0,340166734.0,"Rp 486,463,876","Rp 340,166,734",69.93
290,Sumsel,Kab. Ogan Komering Ulu,KARYA MUKTI,Perdesaan,2023,13002510757,10014290889,236409286.4909091,182078016.16363636,"Rp 13,002,510,757","Rp 10,014,290,889",77.02
291,Sumsel,Kab. Ogan Komering Ulu,KEDATON,Perdesaan,2023,9825199100,7344166684,239639002.4390244,179126016.68292683,"Rp 9,825,199,100","Rp 7,344,166,684",74.75
292,Sumsel,Kab. Ogan Komering Ulu,KEMALA RAJA,Perkotaan,2023,13272643806,9915144717,245789700.1111111,183613791.05555555,"Rp 13,272,643,806","Rp 9,915,144,717",74.7
293,Sumsel,Kab. Ogan Komering Ulu,Karya Mukti,Perdesaan,2023,244931175,124979103,244931175.0,124979103.0,"Rp 244,931,175","Rp 124,979,103",51.03
294,Sumsel,Kab. Ogan Komering Ulu,Kedaton,Perdesaan,2023,315079895,288189911,315079895.0,288189911.0,"Rp 315,079,895","Rp 288,189,911",91.47
295,Sumsel,Kab. Ogan Komering Ulu,Kemalaraja,Perkotaan,2023,385073052,365076432,385073052.0,365076432.0,"Rp 385,073,052","Rp 365,076,432",94.81
296,Sumsel,Kab. Ogan Komering Ulu,LUBUK BATANG,Perdesaan,2023,14950158054,11146820231,249169300.9,185780337.18333334,"Rp 14,950,158,054","Rp 11,146,820,231",74.56
297,Sumsel,Kab. Ogan Komering Ulu,Lubuk Batang,Perdesaan,2023,172850500,171635487,172850500.0,171635487.0,"Rp 172,850,500","Rp 171,635,487",99.3
298,Sumsel,Kab. Ogan Komering Ulu,Lubuk Rukam,Perdesaan,2023,13357180114,9655373122,242857820.25454545,175552238.5818182,"Rp 13,357,180,114","Rp 9,655,373,122",72.29
299,Sumsel,Kab. Ogan Komering Ulu,MENDINGIN,Terpencil,2023,12998339956,9628240926,240709999.1851852,178300757.8888889,"Rp 12,998,339,956","Rp 9,628,240,926",74.07
300,Sumsel,Kab. Ogan Komering Ulu,MUARA JAYA,Perdesaan,2023,12990061646,9607718015,240556697.14814815,177920703.9814815,"Rp 12,990,061,646","Rp 9,607,718,015",73.96
301,Sumsel,Kab. Ogan Komering Ulu,Mendingin,Terpencil,2023,272701829,162975996,272701829.0,162975996.0,"Rp 272,701,829","Rp 162,975,996",59.76
302,Sumsel,Kab. Ogan Komering Ulu,Muara Jaya,Perdesaan,2023,333323417,295677585,333323417.0,295677585.0,"Rp 333,323,417","Rp 295,677,585",88.71
303,Sumsel,Kab. Ogan Komering Ulu,PENGANDONAN,Perdesaan,2023,13576377210,10182426743,251414392.7777778,188563458.2037037,"Rp 13,576,377,210","Rp 10,182,426,743",75.0
304,Sumsel,Kab. Ogan Komering Ulu,PENGARINGAN,Perdesaan,2023,12607588910,9749363321,233473868.7037037,180543765.2037037,"Rp 12,607,588,910","Rp 9,749,363,321",77.33
305,Sumsel,Kab. Ogan Komering Ulu,PENYANDINGAN,Perdesaan,2023,16352575719,12545387978,244068294.31343284,187244596.68656716,"Rp 16,352,575,719","Rp 12,545,387,978",76.72
306,Sumsel,Kab. Ogan Komering Ulu,Pengandonan,Perdesaan,2023,351378872,254829592,351378872.0,254829592.0,"Rp 351,378,872","Rp 254,829,592",72.52
307,Sumsel,Kab. Ogan Komering Ulu,Pengaringan,Perdesaan,2023,12839611,8411565,12839611.0,8411565.0,"Rp 12,839,611","Rp 8,411,565",65.51
308,Sumsel,Kab. Ogan Komering Ulu,Peninjauan,Perdesaan,2023,13495947592,10276793920,245380865.3090909,186850798.54545453,"Rp 13,495,947,592","Rp 10,276,793,920",76.15
309,Sumsel,Kab. Ogan Komering Ulu,Penyandingan,Perdesaan,2023,67017965,53758997,67017965.0,53758997.0,"Rp 67,017,965","Rp 53,758,997",80.22
310,Sumsel,Kab. Ogan Komering Ulu,SUKARAYA,Perkotaan,2023,14922151782,11526325823,271311850.58181816,209569560.4181818,"Rp 14,922,151,782","Rp 11,526,325,823",77.24
311,Sumsel,Kab. Ogan Komering Ulu,Sekar Jaya,Perkotaan,2023,13728724521,10545137724,249613173.1090909,191729776.8,"Rp 13,728,724,521","Rp 10,545,137,724",76.81
312,Sumsel,Kab. Ogan Komering Ulu,Sukaraya,Perkotaan,2023,392625841,210412507,392625841.0,210412507.0,"Rp 392,625,841","Rp 210,412,507",53.59
313,Sumsel,Kab. Ogan Komering Ulu,TANJUNG AGUNG,Perkotaan,2023,6180040628,4524972063,268697418.6086956,196737915.7826087,"Rp 6,180,040,628","Rp 4,524,972,063",73.22
314,Sumsel,Kab. Ogan Komering Ulu,TANJUNG BARU,Perkotaan,2023,4243744748,3038790294,282916316.53333336,202586019.6,"Rp 4,243,744,748","Rp 3,038,790,294",71.61
315,Sumsel,Kab. Ogan Komering Ulu,TANJUNG LENGKAYAP,Perdesaan,2023,21378712947,15996149885,270616619.5822785,202482909.93670887,"Rp 21,378,712,947","Rp 15,996,149,885",74.82
316,Sumsel,Kab. Ogan Komering Ulu,Tanjung Agung,Perkotaan,2023,55670343,41241460,55670343.0,41241460.0,"Rp 55,670,343","Rp 41,241,460",74.08
317,Sumsel,Kab. Ogan Komering Ulu,Tanjung Baru,Perkotaan,2023,90052553,48750970,90052553.0,48750970.0,"Rp 90,052,553","Rp 48,750,970",54.14
318,Sumsel,Kab. Ogan Komering Ulu,Tanjung Lengkayap,Perdesaan,2023,364630499,209664421,364630499.0,209664421.0,"Rp 364,630,499","Rp 209,664,421",57.5
319,Sumsel,Kab. Ogan Komering Ulu,ULAK PANDAN,Perdesaan,2023,13540474897,9542774855,250749535.12962964,176718052.87037036,"Rp 13,540,474,897","Rp 9,542,774,855",70.48
320,Sumsel,Kab. Ogan Komering Ulu,Ulak Pandan,Perdesaan,2023,35238671,20914329,35238671.0,20914329.0,"Rp 35,238,671","Rp 20,914,329",59.35
